,nodesize=195,nodesize=196,nodesize=197,nodesize=198,nodesize=199,nodesize=200,nodesize=201,nodesize=202,nodesize=203,nodesize=204,nodesize=205,nodesize=206,nodesize=207,nodesize=208,nodesize=209,nodesize=210
mtry=1,0.691217148,0.691280797,0.69133052,0.691217382,0.691183826,0.691227654,0.691163413,0.691179393,0.690911961,0.6910622,0.691059772,0.690914991,0.691130248,0.691163802,0.691154933,0.691033992