,nodesize=210,nodesize=211,nodesize=212,nodesize=213,nodesize=214,nodesize=215,nodesize=216,nodesize=217,nodesize=218,nodesize=219,nodesize=220,nodesize=221,nodesize=222,nodesize=223,nodesize=224,nodesize=225,nodesize=226,nodesize=227,nodesize=228,nodesize=229,nodesize=230,nodesize=231,nodesize=232,nodesize=233,nodesize=234,nodesize=235,nodesize=236,nodesize=237,nodesize=238,nodesize=239,nodesize=240,nodesize=241,nodesize=242,nodesize=243,nodesize=244,nodesize=245,nodesize=246,nodesize=247,nodesize=248,nodesize=249,nodesize=250
mtry=1,0.686846975,0.686828223,0.686891149,0.686937361,0.68694685,0.686915453,0.686853968,0.686953371,0.686716948,0.686811155,0.686828072,0.686910008,0.686889081,0.68686677,0.686919033,0.686676651,0.686890879,0.686895571,0.686829417,0.686832411,0.686901337,0.68692433,0.68688054,0.686886845,0.686823878,0.686875193,0.686798316,0.686600561,0.686809634,0.686907631,0.686782576,0.686956377,0.686875021,0.686770708,0.686794756,0.686830246,0.686832133,0.686807205,0.686856032,0.686691102,0.686674994