,nodesize=125,nodesize=126,nodesize=127,nodesize=128,nodesize=129,nodesize=130,nodesize=131,nodesize=132,nodesize=133,nodesize=134,nodesize=135,nodesize=136,nodesize=137,nodesize=138,nodesize=139,nodesize=140,nodesize=141,nodesize=142,nodesize=143,nodesize=144,nodesize=145,nodesize=146,nodesize=147,nodesize=148,nodesize=149,nodesize=150,nodesize=151,nodesize=152,nodesize=153,nodesize=154,nodesize=155
mtry=1,0.701518249,0.701615529,0.701500049,0.701603065,0.701518475,0.701809372,0.702353913,0.701671072,0.701479372,0.701830327,0.701960095,0.701447321,0.701609039,0.701324036,0.70111643,0.701475655,0.701431864,0.701753546,0.701531079,0.701346372,0.701638916,0.701929706,0.701159416,0.701301186,0.701032785,0.701203014,0.701280762,0.701664889,0.701922885,0.701631405,0.701307071