"","Season","Round","Home","Away","rf_4_pred"
"196",2021,1,"TOR","MTL",0.587002188765952
"197",2021,1,"EDM","WPG",0.557014969621115
"198",2021,1,"PIT","NYI",0.504599538426861
"199",2021,1,"WSH","BOS",0.478030491059988
"200",2021,1,"CAR","NSH",0.691123201114563
"201",2021,1,"FLA","T.B",0.616902760562051
"202",2021,1,"COL","STL",0.680151697677994
"203",2021,1,"VGK","MIN",0.665090357562832
