"","nodesize=70","nodesize=71","nodesize=72","nodesize=73","nodesize=74","nodesize=75","nodesize=76","nodesize=77","nodesize=78","nodesize=79","nodesize=80","nodesize=81","nodesize=82","nodesize=83","nodesize=84","nodesize=85","nodesize=86","nodesize=87","nodesize=88","nodesize=89","nodesize=90"
"mtry=1",0.630876563276112,0.630878762331543,0.6310225244729,0.6309622937018,0.631099990226642,0.631177068916196,0.631215467927672,0.63128046509129,0.631369879413448,0.631419851059058,0.631590831047151,0.631689581168461,0.631718766552032,0.631925657918902,0.631961528026546,0.632065433659085,0.632276224995345,0.632383698600474,0.63259885061472,0.632664421133955,0.632940065398272
