"","nodesize=70","nodesize=71","nodesize=72","nodesize=73","nodesize=74","nodesize=75","nodesize=76","nodesize=77","nodesize=78","nodesize=79","nodesize=80","nodesize=81","nodesize=82","nodesize=83","nodesize=84","nodesize=85","nodesize=86","nodesize=87","nodesize=88","nodesize=89","nodesize=90","nodesize=91","nodesize=92","nodesize=93","nodesize=94","nodesize=95"
"mtry=1",0.630758836725494,0.630677592696326,0.631075172684433,0.630931930038315,0.631613307992007,0.631088328054865,0.631389383492746,0.631365667609014,0.631525879460127,0.631199080190029,0.631085506471211,0.631798437957984,0.631639594278326,0.631603835469087,0.631782115362062,0.632109899124898,0.632258172199087,0.63262742919739,0.632824492651165,0.632592598955108,0.632940440577546,0.632783212596568,0.632528341700136,0.633851814660401,0.633250880758226,0.633358485658066
