"","nodesize=40","nodesize=41","nodesize=42","nodesize=43","nodesize=44","nodesize=45","nodesize=46","nodesize=47","nodesize=48","nodesize=49","nodesize=50","nodesize=51","nodesize=52","nodesize=53","nodesize=54","nodesize=55","nodesize=56","nodesize=57","nodesize=58","nodesize=59","nodesize=60","nodesize=61","nodesize=62","nodesize=63","nodesize=64","nodesize=65","nodesize=66","nodesize=67","nodesize=68","nodesize=69","nodesize=70","nodesize=71","nodesize=72","nodesize=73","nodesize=74","nodesize=75"
"mtry=1",0.630983642810904,0.631547152404805,0.630955836016915,0.631032945985771,0.631420306426606,0.630549527216032,0.631128295615042,0.630950208113607,0.630316594357847,0.630411670936601,0.630727522815603,0.630104749902034,0.630595212227167,0.630528641811578,0.630576128679344,0.629727132475419,0.629886404393923,0.631064309867444,0.630322818463404,0.630954251226399,0.630273042964614,0.630437956183362,0.630311446237502,0.630642465569334,0.630848471779803,0.630383887470513,0.6307253446196,0.631076906639672,0.630663303526752,0.630594211726287,0.63080829100305,0.630741151587199,0.63132736845925,0.63106695101764,0.631203751934447,0.630830378809341
