"","nodesize=135","nodesize=136","nodesize=137","nodesize=138","nodesize=139","nodesize=140","nodesize=141","nodesize=142","nodesize=143","nodesize=144","nodesize=145","nodesize=146","nodesize=147","nodesize=148","nodesize=149","nodesize=150","nodesize=151","nodesize=152","nodesize=153","nodesize=154","nodesize=155"
"mtry=1",0.701543326739788,0.701254490123235,0.701428454207443,0.701434386250483,0.701372854973602,0.701338969093462,0.701132932973465,0.701366177160638,0.701369478966696,0.701362676854307,0.701365370548795,0.701195494987194,0.701375887245181,0.701354473342274,0.7013101217333,0.701360729511217,0.701395673778933,0.70152198836629,0.701365495647936,0.701404465112924,0.701458055573798
