"","nodesize=45","nodesize=46","nodesize=47","nodesize=48","nodesize=49","nodesize=50","nodesize=51","nodesize=52","nodesize=53","nodesize=54","nodesize=55","nodesize=56","nodesize=57","nodesize=58","nodesize=59","nodesize=60","nodesize=61","nodesize=62","nodesize=63","nodesize=64","nodesize=65","nodesize=66","nodesize=67","nodesize=68","nodesize=69","nodesize=70"
"mtry=1",0.657512201909572,0.659697993717895,0.657691483334614,0.65687037067824,0.657660244943957,0.659256775777947,0.659072272836134,0.658704560886717,0.657787112117427,0.660424038635199,0.659176067664766,0.660019137883325,0.658844924971813,0.658154000789652,0.65929534698093,0.658636477180215,0.658691838245395,0.658378264278033,0.658587954702091,0.656666108377596,0.659277304685129,0.657815742030884,0.658729363836271,0.658449626362949,0.659129100911728,0.658437911809648
