"","nodesize=60","nodesize=61","nodesize=62","nodesize=63","nodesize=64","nodesize=65"
"mtry=1",0.326666666666667,0.326666666666667,0.32,0.32,0.32,0.32
"mtry=2",0.313333333333333,0.32,0.313333333333333,0.313333333333333,0.32,0.32
