"","nodesize=35","nodesize=36","nodesize=37","nodesize=38","nodesize=39","nodesize=40","nodesize=41","nodesize=42","nodesize=43","nodesize=44","nodesize=45","nodesize=46","nodesize=47","nodesize=48","nodesize=49","nodesize=50"
"mtry=1",0.293333333333333,0.306666666666667,0.293333333333333,0.3,0.3,0.3,0.306666666666667,0.3,0.293333333333333,0.306666666666667,0.306666666666667,0.306666666666667,0.313333333333333,0.313333333333333,0.313333333333333,0.306666666666667
