"","nodesize=185","nodesize=186","nodesize=187","nodesize=188","nodesize=189","nodesize=190","nodesize=191","nodesize=192","nodesize=193","nodesize=194","nodesize=195"
"mtry=1",0.681732649871402,0.681570596148937,0.681602865772727,0.681593328687072,0.681561731462838,0.68164176419318,0.681650494891892,0.681622324540413,0.681676896025236,0.681688611978992,0.681591518102347
