,nodesize=110,nodesize=111,nodesize=112,nodesize=113,nodesize=114,nodesize=115,nodesize=116,nodesize=117,nodesize=118,nodesize=119,nodesize=120,nodesize=121,nodesize=122,nodesize=123,nodesize=124,nodesize=125,nodesize=126,nodesize=127,nodesize=128,nodesize=129,nodesize=130
mtry=1,0.705119628,0.704948095,0.705294563,0.705194925,0.705088524,0.705068688,0.705087673,0.705231399,0.7047703,0.704886827,0.70488577,0.705205944,0.705164424,0.704920363,0.705056492,0.705176643,0.705046155,0.705201301,0.705092725,0.705083044,0.705240433