"","nodesize=40","nodesize=41","nodesize=42","nodesize=43","nodesize=44","nodesize=45","nodesize=46","nodesize=47","nodesize=48","nodesize=49","nodesize=50","nodesize=51","nodesize=52","nodesize=53","nodesize=54","nodesize=55","nodesize=56","nodesize=57","nodesize=58","nodesize=59","nodesize=60","nodesize=61","nodesize=62","nodesize=63","nodesize=64","nodesize=65","nodesize=66","nodesize=67","nodesize=68","nodesize=69","nodesize=70","nodesize=71","nodesize=72","nodesize=73","nodesize=74","nodesize=75"
"mtry=1",0.631332474079927,0.631409549243565,0.630848476380572,0.631397892680987,0.630837619587643,0.630778732056646,0.63092695319501,0.631069442417028,0.630805208254063,0.631441959350345,0.63116724242247,0.630842786266551,0.631138690451208,0.631348714713201,0.631151368876596,0.631264835537344,0.631138742363052,0.63091671533157,0.63099059078343,0.630910278734583,0.631182612890704,0.63101006547656,0.631285054338466,0.63112200155289,0.631066305844919,0.63098813315505,0.631315200599054,0.630898276835494,0.631298846317923,0.631250797189042,0.630878882623981,0.630757218856055,0.631163247171758,0.631145887619879,0.631163114538226,0.631153032193563
