"","nodesize=5","nodesize=6","nodesize=7","nodesize=8","nodesize=9","nodesize=10","nodesize=11","nodesize=12","nodesize=13","nodesize=14","nodesize=15","nodesize=16","nodesize=17","nodesize=18","nodesize=19","nodesize=20","nodesize=21","nodesize=22","nodesize=23","nodesize=24","nodesize=25","nodesize=26","nodesize=27","nodesize=28","nodesize=29","nodesize=30","nodesize=31","nodesize=32","nodesize=33","nodesize=34","nodesize=35","nodesize=36","nodesize=37","nodesize=38","nodesize=39","nodesize=40"
"mtry=1",0.32,0.313333333333333,0.3,0.306666666666667,0.313333333333333,0.306666666666667,0.306666666666667,0.306666666666667,0.3,0.3,0.3,0.306666666666667,0.306666666666667,0.306666666666667,0.306666666666667,0.3,0.306666666666667,0.3,0.293333333333333,0.3,0.293333333333333,0.293333333333333,0.3,0.306666666666667,0.306666666666667,0.306666666666667,0.306666666666667,0.3,0.3,0.3,0.3,0.3,0.3,0.3,0.3,0.3
