"","nodesize=40","nodesize=41","nodesize=42","nodesize=43","nodesize=44","nodesize=45","nodesize=46","nodesize=47","nodesize=48","nodesize=49","nodesize=50","nodesize=51","nodesize=52","nodesize=53","nodesize=54","nodesize=55","nodesize=56","nodesize=57","nodesize=58","nodesize=59","nodesize=60","nodesize=61","nodesize=62","nodesize=63","nodesize=64","nodesize=65","nodesize=66","nodesize=67","nodesize=68","nodesize=69","nodesize=70","nodesize=71","nodesize=72","nodesize=73","nodesize=74","nodesize=75","nodesize=76","nodesize=77","nodesize=78","nodesize=79","nodesize=80"
"mtry=1",0.631341882736138,0.631591089995659,0.63262350607988,0.632512146265753,0.632627286674193,0.631258356034947,0.631467684691105,0.632342944281784,0.631644450524688,0.631646490584563,0.632366236609441,0.631248951688041,0.631707175571298,0.630982581526503,0.631648329923963,0.631398790901727,0.63108008489595,0.631026739167735,0.631779532605706,0.631002530306574,0.631851332289142,0.631759647008113,0.631004212082959,0.631627505241885,0.632100874873907,0.630937246739927,0.63167443075579,0.631253926693484,0.631365360726174,0.63196102768341,0.631172803862625,0.631231533675857,0.631525898605457,0.630744273310246,0.631493531666527,0.631477884576936,0.631395614996428,0.631455637317686,0.632035963079755,0.631582201353993,0.631470492167033
