"","Season","Round","Home","Away","rf_5_pred"
"166",2019,1,"CGY","COL",0.631660141216182
"167",2019,1,"S.J","VGK",0.489767702260717
"168",2019,1,"NSH","DAL",0.538535925636293
"169",2019,1,"WPG","STL",0.463511350458996
"170",2019,1,"T.B","CBJ",0.630301425728824
"171",2019,1,"BOS","TOR",0.45491597779619
"172",2019,1,"WSH","CAR",0.44687606350962
"173",2019,1,"NYI","PIT",0.448588499510604
