"","Season","Round","Home","Away","rf_4_pred"
"196",2021,1,"TOR","MTL",0.59739552244735
"197",2021,1,"EDM","WPG",0.408393060087345
"198",2021,1,"PIT","NYI",0.451999208260543
"199",2021,1,"WSH","BOS",0.241393266406997
"200",2021,1,"CAR","NSH",0.730863199254203
"201",2021,1,"FLA","T.B",0.665878356117937
"202",2021,1,"COL","STL",0.667797445138826
"203",2021,1,"VGK","MIN",0.712884861211861
