,Season,Round,Home,Away,rf_5_pred
166,2019,1,CGY,COL,0.782726386
167,2019,1,S.J,VGK,0.439601471
168,2019,1,NSH,DAL,0.57524211
169,2019,1,WPG,STL,0.368878176
170,2019,1,T.B,CBJ,0.795757843
171,2019,1,BOS,TOR,0.362978636
172,2019,1,WSH,CAR,0.37439471
173,2019,1,NYI,PIT,0.360718655