"","nComp.1","nComp.2","Comp.3","Prediction"
"1",2.45023635718896,0.958878665323406,0.129373494755435,0.748554092733506
"2",2.26858533472652,0.161688654041309,-0.337920704748783,0.656097262118365
"3",1.01407922807248,0.26201425344314,-1.52636562387515,0.435234836859041
"4",0.166858056282216,-1.56189503852977,0.986564340615933,0.530461669221208
"5",2.89985713681269,-0.663532308425457,-0.597306343474465,0.635185315500457
"6",0.725493165567623,1.56038678746566,0.514091539254738,0.694515535577647
"7",0.90653648365243,-2.0188565283465,-0.348481485592443,0.42251329125238
"8",1.12943100315419,1.19223869835555,-0.82833944642256,0.572586354894995
